feature_name,description,impact,confidence,ease,kpi_target
Dark Mode,Dark theme with auto-detection,6,8,9,User satisfaction
Social Sharing,One-click social sharing,7,7,8,Viral coefficient +0.2
Password Indicator,Password strength visual,4,9,9,Security compliance
Search Suggestions,Real-time search suggestions,6,8,6,Search usage +20%
Undo/Redo,Universal undo/redo,8,7,5,User satisfaction
Drag-Drop Upload,Drag and drop file upload,7,9,8,Upload completion +15%
Bulk Actions,Multi-item select and edit,7,8,6,Power user efficiency
Saved Filters,Save complex filter combos,5,7,7,Feature adoption
Email Digest,Weekly activity summary,6,8,7,Re-engagement +10%
Quick Add,Keyboard shortcut add,5,6,9,Power user retention
Export PDF,Export reports as PDF,6,8,7,Enterprise requirement
Custom Dashboard,User-configurable dashboard,7,5,4,User engagement
In-app Notifications,Real-time event alerts,8,7,6,DAU +12%
Multi-language,10 language translations,9,6,3,International growth
AR Preview,Augmented reality product view,10,4,2,Conversion +25%
Voice Commands,Voice-based navigation,8,3,3,Accessibility
Offline Mode,App functionality without internet,9,5,2,Mobile retention
AI Chatbot,24/7 automated support,8,6,4,Support costs -30%
Gamification,Points badges leaderboards,7,5,5,Engagement +20%
Blockchain,Crypto payments and NFTs,9,2,1,Early adopter appeal
